id,startedAt,durationMs,total,passed,failed,skipped
e9f884cd-8f6c-49ca-b3c5-f14207c8c500,2026-10-03T12:31:21.132Z,1041640,31,28,0,3
025b0c10-521a-47ef-9fc3-3593d6994326,2026-10-02T23:30:21.331Z,1038930,31,28,0,3
d84351e1-28cc-4272-8c2b-d54b06ddf2a6,2026-10-02T12:26:56.209Z,779932,31,28,0,3
02e4ac93-601c-48d8-98da-26b6fcde78b7,2026-10-01T23:35:49.309Z,1037538,31,28,0,3
f1bc786e-7d09-4ac0-bd21-2ab47667926f,2026-10-01T12:31:25.226Z,1042562,31,28,0,3
f9364eef-6262-4e0d-a843-3f50be7b5ddb,2026-09-30T23:30:25.329Z,1037807,31,28,0,3
4cb1cc4b-bde0-447b-ba87-f62335028988,2026-09-30T12:31:28.194Z,1039847,31,28,0,3
61c8fccd-04c9-4cac-9d6d-153f1e372ee3,2026-09-29T23:35:32.943Z,1037790,31,28,0,3
087c2094-119e-49a2-806d-69f9b105b56e,2026-09-29T12:34:35.089Z,1036877,31,28,0,3
23d3f89f-9b16-45bf-a9db-c1efeb3238c6,2026-09-24T23:27:14.299Z,1119128,49,46,0,3
e5aa38d5-edd1-470b-baa1-4b882d431e43,2026-09-24T11:48:18.489Z,1112525,49,46,0,3
c32bb103-9a6f-4957-a1d3-5015f0a24830,2026-09-23T23:27:18.177Z,1131184,49,46,0,3
855f0030-d2e0-4cdd-933f-f5aff5379d29,2026-09-23T11:48:06.962Z,1125164,49,46,0,3
f7e3f0a6-fe94-4ecf-817e-a76a01136708,2026-09-22T23:27:13.054Z,1124526,49,46,0,3
5aa91583-06c4-47e9-becb-c35d5b80f3c6,2026-09-22T11:48:14.299Z,1123239,49,46,0,3
ac77af1f-b3ac-4273-93f2-31ee68450cda,2026-09-21T23:27:25.609Z,1127910,49,46,0,3
5dc07e22-eefd-47cb-aa44-5980600ce1e3,2026-09-21T11:48:16.469Z,1124351,49,45,1,3
e57dd2a1-51fa-4fac-8531-384ae0629823,2026-09-20T23:27:16.400Z,1119250,49,45,1,3
714fbfea-fa05-426b-a501-9d142e9c893b,2026-09-20T11:48:15.244Z,1128923,49,46,0,3
6c77bd9c-d4d2-4a13-b5c3-477d56ef19fb,2026-09-19T23:32:10.453Z,1119722,49,46,0,3
2fe6a423-ca32-4b47-9d4e-20aef6730aff,2026-09-19T11:48:05.168Z,1122430,49,46,0,3
b9c2d47d-8881-4ad7-9bee-734783fa06d5,2026-09-18T23:27:55.597Z,1123413,49,46,0,3
d2368492-630f-4f15-8c21-542eada29183,2026-09-18T11:48:18.823Z,1131914,49,46,0,3
0303dd1a-108f-4411-ad6f-d1bd8d964e5c,2026-09-17T23:22:57.268Z,855369,49,46,0,3
57f1214f-9670-4f05-97cd-60004f0e7ea8,2026-09-17T11:48:18.118Z,1127836,49,46,0,3
0f7cb184-519a-4ccb-b1c9-ec4fdf077d6e,2026-09-16T23:27:09.489Z,1114729,49,46,0,3
aa509392-58f1-4926-836a-70cb28b3f766,2026-09-16T11:48:18.145Z,1124875,49,46,0,3
04af18fc-64e1-4603-b3f7-fd86b7e7fced,2026-09-15T23:27:20.572Z,1130488,49,46,0,3
edfd17b5-a8e8-434f-9b48-43b37c79699b,2026-09-15T11:48:10.930Z,1124451,49,46,0,3
9881574d-27df-4be7-a145-abe210835eb2,2026-09-14T23:27:10.525Z,1116678,43,40,0,3
3e170b32-ded3-4240-9b53-8e0a910fb41c,2026-09-14T11:53:08.772Z,1120662,43,40,0,3
6fee3eec-daeb-4051-8758-c555de593742,2026-09-13T23:32:08.732Z,1115367,43,40,0,3
509acd9a-a04b-4c34-96b1-970b9c053fb6,2026-09-13T11:48:04.161Z,1114945,43,40,0,3
dfde6112-b7aa-4d2b-b084-bbf07b64a9e4,2026-09-12T23:27:16.947Z,1117590,43,40,0,3
a7729bd4-fbfb-43b8-8e5e-2cd5d66ed5d8,2026-09-12T11:48:01.404Z,1098262,43,40,0,3
8d6d91db-6dd3-4cd0-aae1-844ac26e5c02,2026-09-11T23:27:09.678Z,1116119,43,40,0,3
614f6f09-bc59-4481-b838-d76ba50450fe,2026-09-11T11:48:09.267Z,1107182,43,40,0,3
7a0080d7-4403-4008-95c6-43495cb713c9,2026-09-10T23:27:39.425Z,1115614,43,40,0,3
569f5dc2-1dc0-4575-b1b5-c040c2940a68,2026-09-10T11:48:05.283Z,1113611,43,40,0,3
a17bbe2f-80e8-4b30-94c0-09baa7a44c8a,2026-09-09T23:27:36.011Z,1121619,43,40,0,3
f817df11-7cd8-4815-b2b4-55b972a36938,2026-09-09T11:48:25.584Z,1121826,43,40,0,3
96316a1e-760a-41db-b2c3-4fc51530674d,2026-09-08T23:27:09.405Z,1116337,43,40,0,3
cffe1ba8-e6ef-4c80-ae05-ce94afecd754,2026-09-08T11:48:22.780Z,1124008,43,40,0,3
aaed75b9-e810-4cf7-8d72-a44c8017b459,2026-09-07T23:27:16.605Z,1119799,43,40,0,3
a68f3536-da91-457b-8350-78775c48b110,2026-09-07T11:53:13.664Z,1113112,43,40,0,3
36693839-0a25-40ea-854c-9d22a49dd1de,2026-09-06T23:27:10.299Z,1112644,43,40,0,3
c47e732e-681c-4e54-b7a8-54fd427475be,2026-09-06T11:48:09.401Z,1119034,43,40,0,3
73537c7e-ecad-4f6c-bd8b-82d9081e569e,2026-09-06T06:02:29.880Z,1116042,43,40,0,3
8ad5ec11-5423-4541-b18c-db04d18c9959,2026-09-05T23:20:38.384Z,516808,43,39,1,3
6e1a8ce8-99b6-4747-ad71-e2ec38bc2726,2026-09-05T11:41:39.002Z,521112,43,39,1,3
a6196f8d-348b-4d88-9275-7d979eb89300,2026-09-04T23:20:09.669Z,472119,43,40,0,3
6e48dfb1-bb66-4975-b594-7407a3f72d77,2026-09-04T11:46:06.067Z,482558,43,40,0,3
fef5e3fd-3b70-4910-871b-bf3f734f572f,2026-09-03T23:20:17.263Z,471499,43,40,0,3
