id,module,status,durationMs,title,file,failureLabel,failureReason,failureSummary,error
3c1b3acd-dae0-4a0d-8b4d-1fc7b1d390e3,Vak,passed,6584,vak/language-and-controls.spec.js > [UI] VAK module > source and destination language pickers are interactive,vak/language-and-controls.spec.js,,,,
3c1b3acd-dae0-4a0d-8b4d-1fc7b1d390e3,Vak,passed,2689,vak/language-and-controls.spec.js > [UI] VAK module > speaker and emotion controls are visible,vak/language-and-controls.spec.js,,,,
3c1b3acd-dae0-4a0d-8b4d-1fc7b1d390e3,Vak,passed,2914,vak/text-translation.spec.js > [UI] VAK module > hindi text translates to indian english,vak/text-translation.spec.js,,,,
3c1b3acd-dae0-4a0d-8b4d-1fc7b1d390e3,Vak,passed,4804,vak/text-translation.spec.js > [UI] VAK module > bengali source text translates to indian english,vak/text-translation.spec.js,,,,
3c1b3acd-dae0-4a0d-8b4d-1fc7b1d390e3,Zero Stt Codeswitch,passed,331452,zero-stt-codeswitch/live-recording.spec.js > [UI] Zero STT Codeswitch module > simulated live recording validates transcript and speakers,zero-stt-codeswitch/live-recording.spec.js,,,,
3c1b3acd-dae0-4a0d-8b4d-1fc7b1d390e3,Zero Stt Codeswitch,passed,3275,zero-stt-codeswitch/sample-audio.spec.js > [UI] Zero STT Codeswitch module > sample clip renders codeswitch transcript,zero-stt-codeswitch/sample-audio.spec.js,,,,
3c1b3acd-dae0-4a0d-8b4d-1fc7b1d390e3,Zero Stt Codeswitch,passed,9694,zero-stt-codeswitch/upload.spec.js > [UI] Zero STT Codeswitch module > uploaded audio renders codeswitched transcript,zero-stt-codeswitch/upload.spec.js,,,,
3c1b3acd-dae0-4a0d-8b4d-1fc7b1d390e3,Zero Stt Indic,passed,330208,zero-stt-indic/live-recording.spec.js > [UI] Zero STT Indic module > simulated live recording uses file and verifies transcript,zero-stt-indic/live-recording.spec.js,,,,
3c1b3acd-dae0-4a0d-8b4d-1fc7b1d390e3,Zero Stt Indic,passed,3682,zero-stt-indic/prerecorded.spec.js > [UI] Zero STT Indic module > prerecorded customer support call renders transcript,zero-stt-indic/prerecorded.spec.js,,,,
3c1b3acd-dae0-4a0d-8b4d-1fc7b1d390e3,Zero Stt Indic,passed,3790,zero-stt-indic/prerecorded.spec.js > [UI] Zero STT Indic module > prerecorded podcast interview renders transcript,zero-stt-indic/prerecorded.spec.js,,,,
3c1b3acd-dae0-4a0d-8b4d-1fc7b1d390e3,Zero Stt Indic,passed,9819,zero-stt-indic/upload.spec.js > [UI] Zero STT Indic module > uploaded audio renders transcript and allows playback,zero-stt-indic/upload.spec.js,,,,
3c1b3acd-dae0-4a0d-8b4d-1fc7b1d390e3,Zero Stt Jpkr,skipped,0,zero-stt-jpkr/language-selection.spec.js > [UI] Zero STT JP/KR module > language picker switches between Japanese and Korean,zero-stt-jpkr/language-selection.spec.js,,,,
3c1b3acd-dae0-4a0d-8b4d-1fc7b1d390e3,Zero Stt Jpkr,skipped,0,zero-stt-jpkr/live-recording.spec.js > [UI] Zero STT JP/KR module > live recording start/stop renders transcript,zero-stt-jpkr/live-recording.spec.js,,,,
3c1b3acd-dae0-4a0d-8b4d-1fc7b1d390e3,Zero Stt Jpkr,skipped,0,zero-stt-jpkr/upload.spec.js > [UI] Zero STT JP/KR module > uploaded audio renders transcript and allows copy,zero-stt-jpkr/upload.spec.js,,,,
3c1b3acd-dae0-4a0d-8b4d-1fc7b1d390e3,Zero Stt Med,passed,51209,zero-stt-med/live-recording.spec.js > [UI] Zero STT Med module > live recording start/stop,zero-stt-med/live-recording.spec.js,,,,
3c1b3acd-dae0-4a0d-8b4d-1fc7b1d390e3,Zero Stt Med,passed,3230,zero-stt-med/prerecorded.spec.js > [UI] Zero STT Med module > prerecorded patient notes renders transcript,zero-stt-med/prerecorded.spec.js,,,,
3c1b3acd-dae0-4a0d-8b4d-1fc7b1d390e3,Zero Stt Med,passed,3190,zero-stt-med/prerecorded.spec.js > [UI] Zero STT Med module > prerecorded doctor appointment renders transcript,zero-stt-med/prerecorded.spec.js,,,,
3c1b3acd-dae0-4a0d-8b4d-1fc7b1d390e3,Zero Stt Med,passed,11568,zero-stt-med/upload.spec.js > [UI] Zero STT Med module > upload file renders transcript,zero-stt-med/upload.spec.js,,,,
3c1b3acd-dae0-4a0d-8b4d-1fc7b1d390e3,Zero Tts Indic,passed,47,zero-tts-indic/generate-speech.spec.js > [UI] Zero TTS Indic module > default voice generates speech from text input,zero-tts-indic/generate-speech.spec.js,,,,
3c1b3acd-dae0-4a0d-8b4d-1fc7b1d390e3,Zero Tts Indic,passed,22,zero-tts-indic/generate-speech.spec.js > [UI] Zero TTS Indic module > text input shows character count up to 1000,zero-tts-indic/generate-speech.spec.js,,,,
3c1b3acd-dae0-4a0d-8b4d-1fc7b1d390e3,Zero Tts Indic,passed,620,zero-tts-indic/generate-speech.spec.js > [UI] Zero TTS Indic module > script selector is visible and voice generation works,zero-tts-indic/generate-speech.spec.js,,,,
3c1b3acd-dae0-4a0d-8b4d-1fc7b1d390e3,Zero Tts Indic,passed,585,zero-tts-indic/generate-speech.spec.js > [UI] Zero TTS Indic module > selecting different voices works,zero-tts-indic/generate-speech.spec.js,,,,
3c1b3acd-dae0-4a0d-8b4d-1fc7b1d390e3,Zero Tts Indic,passed,40,zero-tts-indic/generate-speech.spec.js > [UI] Zero TTS Indic module > changing speed setting works,zero-tts-indic/generate-speech.spec.js,,,,
3c1b3acd-dae0-4a0d-8b4d-1fc7b1d390e3,Zero Tts Indic,passed,387,zero-tts-indic/generate-speech.spec.js > [UI] Zero TTS Indic module > expression styles are selectable,zero-tts-indic/generate-speech.spec.js,,,,
3c1b3acd-dae0-4a0d-8b4d-1fc7b1d390e3,Zero Tts Indic,passed,386,zero-tts-indic/generate-speech.spec.js > [UI] Zero TTS Indic module > different audio formats are selectable,zero-tts-indic/generate-speech.spec.js,,,,
3c1b3acd-dae0-4a0d-8b4d-1fc7b1d390e3,Zero Tts Indic,passed,12,zero-tts-indic/generate-speech.spec.js > [UI] Zero TTS Indic module > generate button is disabled with empty text,zero-tts-indic/generate-speech.spec.js,,,,
3c1b3acd-dae0-4a0d-8b4d-1fc7b1d390e3,Zero Tts Indic,passed,611,zero-tts-indic/generate-speech.spec.js > [UI] Zero TTS Indic module > English voice with slow speed generates speech,zero-tts-indic/generate-speech.spec.js,,,,
3c1b3acd-dae0-4a0d-8b4d-1fc7b1d390e3,Zero Tts Indic,passed,586,zero-tts-indic/generate-speech.spec.js > [UI] Zero TTS Indic module > Tamil voice generates speech,zero-tts-indic/generate-speech.spec.js,,,,
3c1b3acd-dae0-4a0d-8b4d-1fc7b1d390e3,Zero Tts Indic,passed,952,zero-tts-indic/generate-speech.spec.js > [UI] Zero TTS Indic module > Bengali voice with Sad expression generates speech,zero-tts-indic/generate-speech.spec.js,,,,
3c1b3acd-dae0-4a0d-8b4d-1fc7b1d390e3,Zero Tts Indic,passed,392,zero-tts-indic/generate-speech.spec.js > [UI] Zero TTS Indic module > OGG format with fast speed generates speech,zero-tts-indic/generate-speech.spec.js,,,,
3c1b3acd-dae0-4a0d-8b4d-1fc7b1d390e3,Zero Tts Indic,passed,375,zero-tts-indic/generate-speech.spec.js > [UI] Zero TTS Indic module > Conversational expression style generates speech,zero-tts-indic/generate-speech.spec.js,,,,
